"","species","total_area","count"
"1","Afranthidium carduele",762629279820.069,7
"2","Agapostemon sericeus",11680770531733.7,3271
"3","Agapostemon virescens",19353479959339.5,23574
"4","Amegilla albigena",17679010121552.3,586
"5","Andrena aeneiventris",5363483009358.35,108
"6","Andrena aerinifrons",498055432936.936,14
"7","Andrena afrensis",254103516231.548,102
"8","Andrena afzeliella",4434979651657.38,555
"9","Andrena agilissima",6131181842296.11,906
"10","Andrena albopunctata",10914137584628.4,118
"11","Andrena alfkenella",6231729889754.37,533
"12","Andrena alleghaniensis",5899877420476.3,626
"13","Andrena allosa",210436387442.041,90
"14","Andrena amieti",398380451022.996,516
"15","Andrena ampla",1932096436834.63,439
"16","Andrena andrenoides",8378035336668.34,838
"17","Andrena angustior",4789578214491.95,1405
"18","Andrena anthrisci",1245426786651.57,48
"19","Andrena antigana",591653216066.456,32
"20","Andrena apicata",6819081813498.72,764
"21","Andrena argentata",8018262195236.68,1925
"22","Andrena asperrima",951792586800.968,35
"23","Andrena assimilis",988547999094.456,16
"24","Andrena asteris",5452816243702.38,748
"25","Andrena asteroides",795594563367.412,51
"26","Andrena astragali",4478628647241.49,519
"27","Andrena balsamorhizae",57323512564.96,213
"28","Andrena barbilabris",66923846771721.2,10343
"29","Andrena beameri",125431516769.901,20
"30","Andrena bicolor",31726741303691.3,17616
"31","Andrena bimaculata",13426168564484.2,846
"32","Andrena biskrensis",39166754361.9812,23
"33","Andrena blanda",134162477610.97,6
"34","Andrena boyerella",27646474936.5542,7
"35","Andrena bradleyi",4514316028851.8,737
"36","Andrena brevipalpis",6255060225643.06,687
"37","Andrena bullata",238732401099.666,24
"38","Andrena carlini",12266152595799.4,9710
"39","Andrena carolina",3519982055483.66,1003
"40","Andrena ceanothi",4800474124522.62,453
"41","Andrena chaparralensis",87228429.714819,7
"42","Andrena chrysopus",1936582475426.69,44
"43","Andrena chrysosceles",11574793439335.2,5768
"44","Andrena cineraria",39807613942862.6,20613
"45","Andrena cinerea",3815342364593.45,112
"46","Andrena clarkella",75854003954088.4,12607
"47","Andrena coitana",10334396187538.6,1636
"48","Andrena commoda",10953779542543.8,1134
"49","Andrena crataegi",16358767572409.7,6493
"50","Andrena crawfordi",495320918296.687,185
"51","Andrena cressonii",13621701285586.5,4396
"52","Andrena curvungula",5405453181410.61,948
"53","Andrena decipiens",2537316941625.94,107
"54","Andrena denticulata",39606382374651.6,6460
"55","Andrena djelfensis",188179962156.662,9
"56","Andrena dorsata",13787807360761.5,7997
"57","Andrena elata",1340331153.97415,13
"58","Andrena erythrogaster",11716883432471.7,1672
"59","Andrena fabrella",658347790936.538,72
"60","Andrena ferrugineicrus",593853542361.144,47
"61","Andrena flavipes",28318808488055.5,27309
"62","Andrena floricola",2256188605412.85,165
"63","Andrena forbesii",15200710920391.5,2327
"64","Andrena freygessneri",120424388057.173,51
"65","Andrena frigida",29816302812069.9,1542
"66","Andrena fucata",39942303964544.8,5725
"67","Andrena fulica",221061215932.629,13
"68","Andrena fulva",7925040387318.83,26483
"69","Andrena fulvicornis",5025686534350.47,66
"70","Andrena fulvipennis",1729562893860.52,211
"71","Andrena funerea",194336403.037057,32
"72","Andrena fuscipes",9184460021194.74,4629
"73","Andrena fuscosa",10752337386417,120
"74","Andrena gardineri",4616247466128.31,588
"75","Andrena gelriae",7771022211184.08,315
"76","Andrena granulosa",1272639904747.22,29
"77","Andrena gravida",6460026050338.94,4447
"78","Andrena haemorrhoa",51683099924643.4,44023
"79","Andrena haynesi",3579986650163.65,231
"80","Andrena helianthiformis",2653838288326.47,73
"81","Andrena helvola",24250074623284.6,7119
"82","Andrena hippotes",14624400228482.1,1994
"83","Andrena hirticincta",9176250544357.93,2310
"84","Andrena imitatrix",12607386118248.3,3838
"85","Andrena integra",4618522283382.04,249
"86","Andrena isocomae",819520141659.756,117
"87","Andrena labialis",14880696874844,1402
"88","Andrena labiata",15483030332190.9,3134
"89","Andrena lagopus",2976934213493.19,633
"90","Andrena lapponica",30841786184822.5,5756
"91","Andrena lathyri",5856428133521.77,2505
"92","Andrena leptopyga",89706161649.5601,4
"93","Andrena leucolippa",785393038985.735,160
"94","Andrena longibarbis",396923820408.939,37
"95","Andrena mandibularis",13576989891281.2,648
"96","Andrena melliventris",2335085645061.34,115
"97","Andrena minutula",44414351445768.1,13154
"98","Andrena minutuloides",11268131494756.7,3697
"99","Andrena miranda",23001416235709.9,615
"100","Andrena miserabilis",17713802301797,6980
"101","Andrena mitis",2020678165203.12,656
"102","Andrena mocsaryi",100290423254.137,4
"103","Andrena montana",412220390754.934,85
"104","Andrena mucida",1170629367372.53,28
"105","Andrena nana",3175060603126.88,310
"106","Andrena nasonii",12003348193674.2,6265
"107","Andrena nasuta",2798654851247.67,52
"108","Andrena nigriceps",7874084257534.95,1288
"109","Andrena nigroaenea",21859037856743.5,11711
"110","Andrena nitida",24789645745705.7,10312
"111","Andrena nitidiuscula",5323140733371.11,508
"112","Andrena nitidula",972215590289.698,42
"113","Andrena nivalis",18446988000721.5,1493
"114","Andrena niveata",5321590783866.75,128
"115","Andrena nuda",6723670540399.74,984
"116","Andrena numida",171416510928.781,16
"117","Andrena nycthemera",12782485049253.5,755
"118","Andrena ovatula",10175279587292,5559
"119","Andrena oviventris",78680237430.5627,35
"120","Andrena pallitarsis",1200186414170.08,59
"121","Andrena pandosa",306581153210.024,8
"122","Andrena pauxilla",51290361721.4886,7
"123","Andrena perplexa",10170543453009.2,3674
"124","Andrena pilipes",19827749926303.2,953
"125","Andrena placata",6478327676583,593
"126","Andrena polita",8623487889735.06,213
"127","Andrena potentillae",2401554327453.69,127
"128","Andrena praecox",19918033348320,6872
"129","Andrena propinqua",9108133644218.83,767
"130","Andrena ranunculorum",1171334537963.23,53
"131","Andrena robertsonii",4426901611307.91,780
"132","Andrena rogenhoferi",479873999543.297,206
"133","Andrena rosae",40759322105920.3,1932
"134","Andrena rudbeckiae",5755148303957.59,559
"135","Andrena ruficrus",43569778818018.9,3244
"136","Andrena rufizona",1811139234917.04,320
"137","Andrena rufosignata",32143901639970.9,766
"138","Andrena rugosa",4989083268497.94,1962
"139","Andrena russula",15409613487287.6,1247
"140","Andrena sardoa",1405968326592.5,24
"141","Andrena saxonica",2123957892345.6,101
"142","Andrena scotica",7933577181882.73,7856
"143","Andrena semilaevis",14243100856729,3436
"144","Andrena senecionis",855051855645.954,79
"145","Andrena senticulosa",25890812009.6683,34
"146","Andrena simillima",1327210382747.99,100
"147","Andrena simplex",4413626662509.62,517
"148","Andrena spiraeana",5684970796256.87,678
"149","Andrena spolata",1185387682675.02,31
"150","Andrena spreta",2937112484524.93,89
"151","Andrena subopaca",41801302550926.9,10572
"152","Andrena suerinensis",2297052105068.08,87
"153","Andrena symphyti",2548940551340.99,51
"154","Andrena synadelpha",3411109185899.76,339
"155","Andrena tenuistriata",1147824240062.55,97
"156","Andrena thoracica",53507612195389.4,1283
"157","Andrena tonkaworum",726907793755.661,55
"158","Andrena trimmerana",16586302846910,4424
"159","Andrena tuberculifera",414772142204.747,22
"160","Andrena vaga",30187593776473.2,26832
"161","Andrena variabilis",4084583343367.03,116
"162","Andrena varians",4946718230965.77,607
"163","Andrena ventralis",31610546661825.7,3881
"164","Andrena ventricosa",1542620582030.26,29
"165","Andrena verticalis",1558361334151.5,125
"166","Andrena vetula",1978012804295.84,45
"167","Andrena vicina",17904297002485.2,4780
"168","Andrena virginiana",5288385688782.46,380
"169","Andrena viridescens",5786061499243.98,1023
"170","Andrena w-scripta",22543061664427.8,1832
"171","Andrena wilkella",28272299018488.7,12103
"172","Andrena ziziae",6494906729578.55,1511
"173","Anthidiellum breviusculum",757292122765.336,10
"174","Anthidiellum strigatum",27657627164697,3320
"175","Anthidium anguliventre",3559547.74992015,14
"176","Anthidium cingulatum",15523740712467.4,263
"177","Anthidium dalmaticum",893935521.050415,4
"178","Anthidium diadema",3651758211572.84,40
"179","Anthidium echinatum",91961683311.136,16
"180","Anthidium florentinum",41510662339040.1,2432
"181","Anthidium loti",6106016273026.19,165
"182","Anthidium manicatum",150868679995664,24930
"183","Anthidium montanum",325248611939.484,225
"184","Anthidium oblongatum",32958942406999.9,6030
"185","Anthidium punctatum",31732663686140.5,5478
"186","Anthidium septemspinosum",41565126120125.6,554
"187","Anthidium spiniventre",3236523461.97514,10
"188","Anthidium taeniatum",3659650599220.73,55
"189","Anthidium tesselatum",71419458935.0693,10
"190","Anthidium undulatum",706282931120.301,5
"191","Anthophora aestivalis",12425961600920.7,1567
"192","Anthophora atroalba",11195740711158.5,63
"193","Anthophora bimaculata",20527338957130,1780
"194","Anthophora diversipes",111416698778.241,89
"195","Anthophora furcata",36202854485223.7,5467
"196","Anthophora plumipes",60330514331584.6,27373
"197","Anthophora quadrimaculata",15090970190689.2,3870
"198","Arhysosage cactorum",131998093777.733,210
"199","Augochlora pura",12227321754336.6,18202
"200","Augochlorella aurata",16191472276037.9,37260
"201","Bombus affinis",12056139897077.3,10076
"202","Bombus alpinus",10387721217680.3,1496
"203","Bombus argillaceus",10210274041402.7,1179
"204","Bombus armeniacus",14940151981669,45
"205","Bombus auricomus",16928618916987.6,9416
"206","Bombus balteatus",174339507748236,4118
"207","Bombus bimaculatus",14506558493211,42308
"208","Bombus borealis",28998656976524.4,7043
"209","Bombus brodmannicus",146397735.327182,9
"210","Bombus confusus",14374044734103.3,506
"211","Bombus cullumanus",26189564458327.7,126
"212","Bombus distinguendus",94166530737542.9,4387
"213","Bombus fervidus",26881678216117.5,22730
"214","Bombus fragrans",14179197755654.5,52
"215","Bombus frigidus",48766979715578.6,7393
"216","Bombus griseocollis",18940273082788.6,61793
"217","Bombus haematurus",7669760032084.4,284
"218","Bombus hortorum",104148526431609,59875
"219","Bombus humilis",47523398535635.4,18231
"220","Bombus hypnorum",219390503984377,169601
"221","Bombus impatiens",20683646887286.8,143207
"222","Bombus incertus",227697418536.592,8
"223","Bombus lapidarius",55849443943210.3,166823
"224","Bombus lapponicus",77336319549045.8,4556
"225","Bombus lucorum",74281489433795.9,87064
"226","Bombus melanurus",12756983462155.9,48
"227","Bombus mendax",472250933253.696,1265
"228","Bombus mesomelas",4753314779188.85,1943
"229","Bombus monticola",13208882295875.9,6780
"230","Bombus mucidus",1112517792828.01,992
"231","Bombus muscorum",64557722697918.6,8574
"232","Bombus niveatus",2394371486272.13,82
"233","Bombus pascuorum",75534113450248.2,307511
"234","Bombus pensylvanicus",17902865057539.2,48277
"235","Bombus perplexus",36194242705965.5,13468
"236","Bombus pomorum",8535264746003.59,647
"237","Bombus pratorum",36791566414865.9,113144
"238","Bombus ruderarius",31777347640839.6,10604
"239","Bombus ruderatus",87811006186606,3754
"240","Bombus rufocinctus",34868542649579.4,18411
"241","Bombus sichelii",49688659591615,2960
"242","Bombus soroeensis",55115355154115.2,19049
"243","Bombus sporadicus",61597805811865.4,2576
"244","Bombus subterraneus",77450751174836.7,4994
"245","Bombus sylvarum",49151568164625.8,16198
"246","Bombus ternarius",35384352230435.5,27150
"247","Bombus terrestris",140453031578357,190780
"248","Bombus terricola",35654699740824,21825
"249","Bombus vagans",24777558205918.8,22807
"250","Bombus veteranus",35128439871471.5,4414
"251","Bombus wurflenii",16529880534779.7,7767
"252","Bombus zonatus",2292775431134.55,119
"253","Camptopoeum friesei",500677212137.764,132
"254","Camptopoeum frontale",2328842401665.52,126
"255","Camptopoeum sacrum",22963336116.0538,4
"256","Capicola micheneri",146924842483.234,26
"257","Centris nitida",4435574418253.27,1072
"258","Ceratina calcarata",9543188778048.03,14476
"259","Ceratina dupla",9106437276562.81,6687
"260","Ceratina mikmaqi",4822625015882.29,4024
"261","Chalepogenus cocuccii",195684994614.266,59
"262","Chelostoma aureocinctum",132296856978.119,12
"263","Chelostoma californicum",942362024140.172,780
"264","Chelostoma campanularum",24224277500057.9,8203
"265","Chelostoma diodon",15317282523.143,14
"266","Chelostoma distinctum",12475333791160.3,903
"267","Chelostoma emarginatum",4822355288385.72,72
"268","Chelostoma florisomne",13041069667240.3,8958
"269","Chelostoma foveolatum",1866962378707.02,84
"270","Chelostoma grande",344129616303.072,344
"271","Chelostoma incisulum",197495652137.583,99
"272","Chelostoma minutum",1851610034370.58,483
"273","Chelostoma mocsaryi",118727013399.29,9
"274","Chelostoma phaceliae",1352591086066.25,563
"275","Chelostoma philadelphi",3637593158253.44,1044
"276","Chelostoma rapunculi",41933098120484.2,9111
"277","Chelostoma ventrale",1569011454486.9,6
"278","Clavipanurgus punctiventris",63370660081.3132,21
"279","Colletes abeillei",1362856231153.2,47
"280","Colletes acutus",77977129873.8607,13
"281","Colletes albomaculatus",5337169689537.38,72
"282","Colletes brevigena",1008399671504.34,9
"283","Colletes capensis",959916972968.266,384
"284","Colletes carinatus",851314103836.474,12
"285","Colletes cariniger",938824314031.293,19
"286","Colletes caskanus",559928845250.517,14
"287","Colletes collaris",2584395474025.79,120
"288","Colletes consors",23073136890041.3,445
"289","Colletes cunicularius",31551757131322.3,16416
"290","Colletes daviesanus",43102578659708,10506
"291","Colletes dorsalis",849519742.821938,7
"292","Colletes dusmeti",59261098270.3538,5
"293","Colletes eous",7134425586308.75,44
"294","Colletes floralis",32448604679946.6,1390
"295","Colletes fodiens",6630716831269.84,1114
"296","Colletes foveolaris",1184898191023.03,15
"297","Colletes gallicus",1503215308729.23,37
"298","Colletes halophilus",2590748937860.75,740
"299","Colletes hederae",6522043511997.05,12815
"300","Colletes hethiticus",120194545595.141,40
"301","Colletes hylaeiformis",6180836921868.88,90
"302","Colletes impunctatus",89047488008628.7,892
"303","Colletes inaequalis",14927837279621,5291
"304","Colletes inexpectatus",2891194350864.92,65
"305","Colletes kincaidii",42669698929300.9,8155
"306","Colletes lacunatus",3445444593080.69,71
"307","Colletes ligatus",1385603982663.05,9
"308","Colletes maidli",2021338397743.16,21
"309","Colletes marginatus",16802996705187.3,891
"310","Colletes mlokossewiczi",7894813507374.78,114
"311","Colletes nanus",1938128732692.61,39
"312","Colletes nasutus",2996276857204.63,71
"313","Colletes nigricans",1246748511264.48,418
"314","Colletes perezi",2313854658498.65,25
"315","Colletes petalostemonis",2028783087205.53,485
"316","Colletes pumilus",1904879551659.84,34
"317","Colletes punctatus",882769501879.457,11
"318","Colletes rufotibialis",47243479106.4555,60
"319","Colletes sierrensis",15203077437.9159,30
"320","Colletes similis",22376889473096.2,2830
"321","Colletes simulans",16604808935701.6,1938
"322","Colletes succinctus",9091575108556.26,3487
"323","Colletes thoracicus",4308574418426.57,1642
"324","Colletes tuberculatus",1496102351122.69,9
"325","Colletes validus",2691490961172.99,392
"326","Dasypoda argentata",37222933561302.6,756
"327","Dasypoda braccata",1317227143384.52,13
"328","Dasypoda cingulata",912554612636.417,15
"329","Dasypoda crassicornis",700646379938.05,28
"330","Dasypoda dusmeti",325787296481.402,6
"331","Dasypoda hirtipes",39093838274370.1,22997
"332","Dasypoda maura",14102801763.5588,6
"333","Dasypoda morotei",198531685925.754,13
"334","Dasypoda sinuata",666301781788.796,7
"335","Dasypoda spinigera",138660889229.431,56
"336","Dasypoda visnaga",744904893490.604,24
"337","Diadasia angusticeps",322079727859.133,109
"338","Diadasia diminuta",10298055441774,5369
"339","Diadasia enavata",8604125378814.53,2151
"340","Diadasia laticauda",204153399393.109,342
"341","Diadasia nigrifrons",2602782284209.04,412
"342","Diadasia ochracea",4632534498012.7,3421
"343","Diadasia sphaeralcearum",2410679300115.89,410
"344","Diadasia tropicalis",2732602568307.17,152
"345","Diadasia vallicola",1689205493647.76,543
"346","Diadasina riparia",3752559193297.17,166
"347","Dufourea alpina",435925388138.212,488
"348","Dufourea dentiventris",5934138371764.52,2573
"349","Dufourea halictula",2604932044615.38,386
"350","Dufourea inermis",4774441706505.45,407
"351","Dufourea minuta",9585494145179.69,459
"352","Dufourea monardae",2810652150030.39,181
"353","Dufourea paradoxa",1977765208624.73,240
"354","Eoanthidium clypeare",1208355165.11694,4
"355","Eoanthidium insulare",44073737250.4997,9
"356","Eucera alternans",952265657939.182,6
"357","Eucera caspica",1355751315026.06,30
"358","Eucera clypeata",5129531167993.43,63
"359","Eucera elongatula",565863408846.773,24
"360","Eucera eucnemidea",383060731320.671,10
"361","Eucera frater",4491868790681.45,925
"362","Eucera furfurea",359598016052.373,12
"363","Eucera interrupta",9377715064723.42,285
"364","Eucera longicornis",27860858083892.9,7664
"365","Eucera nigrescens",7837259707323.46,3543
"366","Eucera nigrifacies",2362494317461.18,50
"367","Eucera nigrilabris",3500487500697.96,106
"368","Eucera notata",651974936511.695,17
"369","Eucera primiveris",809687653272.513,320
"370","Eucera proxima",2953898430336.24,24
"371","Eucera taurica",2880626887982.45,45
"372","Euglossa cordata",12934927758377.8,3635
"373","Eulaema nigrita",12479736551187.3,2812
"374","Euryglossa aureophila",453436870.876343,27
"375","Euryglossa morrisoni",3508822099.56092,97
"376","Flavipanurgus kastiliensis",9591870155.08167,7
"377","Haetosmia circumventa",2478023151424.72,42
"378","Halictus confusus",36642830443611.8,15111
"379","Halictus crenicornis",355990686609.816,13
"380","Halictus ligatus",20097571788192.3,44196
"381","Halictus maculatus",17399740904664.9,3022
"382","Halictus pollinosus",9556530149799.81,83
"383","Halictus quadricinctus",25931500856190.8,1391
"384","Halictus rubicundus",100874580987098,28745
"385","Halictus scabiosae",10465687163977.3,14952
"386","Halictus subauratus",19195261076370.4,3242
"387","Halictus tumulorum",48740774592342.4,26505
"388","Heriades carinata",15503682267281.6,3092
"389","Hoplitis adunca",9551806064426.94,3673
"390","Hoplitis annulata",2738532115571.03,36
"391","Hoplitis anthocopoides",9003458961631.84,543
"392","Hoplitis benoisti",309278665826.465,89
"393","Hoplitis bihamata",12209402620.5509,26
"394","Hoplitis carinata",73628098567.6021,12
"395","Hoplitis cristatula",407037478220.396,70
"396","Hoplitis fertoni",110873013184.103,10
"397","Hoplitis lepeletieri",276288584146.236,744
"398","Hoplitis loti",229201789820.971,766
"399","Hoplitis manicata",1320499626412.33,36
"400","Hoplitis mitis",2237743159514.84,1021
"401","Hoplitis pallicornis",629730759167.522,25
"402","Hoplitis pici",36882626721.2462,7
"403","Hoplitis pilosifrons",17246601587846.2,1853
"404","Hoplitis praestans",1636929930932.91,47
"405","Hoplitis ravouxi",1883710630801.07,386
"406","Hoplitis robusta",51607710384301.6,663
"407","Hoplitis tuberculata",5730244128089.4,1553
"408","Hoplitis villosa",1724423537128.79,590
"409","Hylaeus alpinus",297866518896.742,418
"410","Hylaeus angustatus",12923333932449.2,2130
"411","Hylaeus annulatus",67706937111046.4,7275
"412","Hylaeus brevicornis",20230998258346.8,6101
"413","Hylaeus clypearis",4343782809666.4,443
"414","Hylaeus communis",21413602758505.4,20312
"415","Hylaeus confusus",41430102936769.4,13406
"416","Hylaeus cornutus",8874804129781.03,576
"417","Hylaeus crassanus",239394626124.093,45
"418","Hylaeus dilatatus",10651267824641.3,2585
"419","Hylaeus duckei",4199945949638.24,58
"420","Hylaeus gibbus",15120610385454.7,1236
"421","Hylaeus glacialis",308664876361.883,79
"422","Hylaeus gredleri",11479916159307.2,1852
"423","Hylaeus hyalinatus",16276747098952.8,10659
"424","Hylaeus incongruus",13711983104648.7,1665
"425","Hylaeus kahri",5189097315048.63,386
"426","Hylaeus leptocephalus",35434877452214.1,1762
"427","Hylaeus moricei",6332960478928.39,49
"428","Hylaeus nigritus",13940951744812.8,2816
"429","Hylaeus nivalis",249999797358.034,277
"430","Hylaeus paulus",23265580172526.9,166
"431","Hylaeus pectoralis",28116527337647.6,1707
"432","Hylaeus pfankuchi",23350524009677.8,222
"433","Hylaeus pictipes",10906561010205.7,1058
"434","Hylaeus pilosulus",190062046081.241,45
"435","Hylaeus rinki",5873863579256.93,1560
"436","Hylaeus signatus",18633122883256.9,3561
"437","Hylaeus sinuatus",9980456075677.57,1225
"438","Hylaeus styriacus",8072280474064.92,761
"439","Hylaeus taeniolatus",7048495095082.26,282
"440","Hylaeus tyrolensis",2579192410697.49,120
"441","Hylaeus variegatus",17932074231847,1396
"442","Icteranthidium fedtschenkoi",11270392975.421,4
"443","Icteranthidium ferrugineum",16624318639593.2,48
"444","Icteranthidium grohmanni",2444755162769.71,127
"445","Icteranthidium laterale",9563864007304.75,355
"446","Lasioglossum acuminatum",3951266817271.32,940
"447","Lasioglossum albipes",11653643547743.7,16432
"448","Lasioglossum albocinctum",1834453171652.3,161
"449","Lasioglossum anomalum",4445842003872.01,609
"450","Lasioglossum bimaculatum",581742574182.316,23
"451","Lasioglossum brevicorne",7929014715068.75,618
"452","Lasioglossum calceatum",43079149959610.4,31796
"453","Lasioglossum cinctipes",11528334886551.3,1259
"454","Lasioglossum clypeare",3716278923786.96,86
"455","Lasioglossum convexiusculum",3321593046894.84,131
"456","Lasioglossum coriaceum",10164600318019.4,4670
"457","Lasioglossum corvinum",1655069803473.13,14
"458","Lasioglossum costulatum",10531940881623.4,576
"459","Lasioglossum cressonii",14987256259695.2,7897
"460","Lasioglossum cupromicans",2336281543478.58,1299
"461","Lasioglossum euboeense",2098078339539.5,112
"462","Lasioglossum foxii",13693349603821.3,1209
"463","Lasioglossum fulvicorne",22056919201699.8,13225
"464","Lasioglossum glabriusculum",4325027887236.94,2103
"465","Lasioglossum hitchensi",5904802787785.92,7152
"466","Lasioglossum imitatum",11846887516709.3,9535
"467","Lasioglossum intermedium",3716717157007.84,257
"468","Lasioglossum interruptum",5866217492684.99,1148
"469","Lasioglossum laevigatum",6613659786533.23,2872
"470","Lasioglossum laevissimum",16300220281538.7,1684
"471","Lasioglossum laticeps",11025648636431.3,13131
"472","Lasioglossum lativentre",10581644098091.1,2824
"473","Lasioglossum leucopus",16310542495205.1,16272
"474","Lasioglossum leucozonium",66993942601767.8,17030
"475","Lasioglossum lineatulum",9461253862632.61,1731
"476","Lasioglossum macoupinense",9168945674279.95,450
"477","Lasioglossum malachurum",17643848147287.5,11314
"478","Lasioglossum mediterraneum",975965057501.077,23
"479","Lasioglossum monstrificum",3339175159251.84,415
"480","Lasioglossum morio",21494792331826.9,30501
"481","Lasioglossum nigripes",6282388160590.93,1470
"482","Lasioglossum pallens",2296807170465.9,385
"483","Lasioglossum paradmirandum",3352169865871.64,348
"484","Lasioglossum paraforbesii",9306992451688.07,645
"485","Lasioglossum parvulum",5509256235198.59,2579
"486","Lasioglossum pauperatum",3670188195685.19,129
"487","Lasioglossum pauxillum",11252892930054.5,13733
"488","Lasioglossum pectorale",9093213167849.59,4048
"489","Lasioglossum perpunctatum",9617640002193.54,497
"490","Lasioglossum pilosum",12600084540070.7,12431
"491","Lasioglossum prasinum",3873196161409.8,346
"492","Lasioglossum punctatissimum",11090460528137.1,4525
"493","Lasioglossum puncticolle",5926560766012.97,530
"494","Lasioglossum quebecense",30832831554513.5,2591
"495","Lasioglossum tricinctum",3209672628319.17,914
"496","Lasioglossum versans",15323484606199.5,1513
"497","Lasioglossum versatum",8073335906117.8,11759
"498","Lasioglossum villosulum",55213766213177.6,11330
"499","Lasioglossum xanthopus",17507162120681,1146
"500","Lasioglossum zonulum",35242655683090,11750
"501","Lipotriches cinerascens",1139402576368.43,25
"502","Lipotriches cribrosa",1435335829069.27,36
"503","Lipotriches hylaeoides",7370040965998.16,64
"504","Lipotriches tanganyicensis",83653528934.7405,9
"505","Lithurgus chrysurus",17436333223195.4,493
"506","Macrotera texana",830884951030.634,122
"507","Megachile alpicola",6380469143590.75,1709
"508","Megachile analis",40818811149218.6,1274
"509","Megachile apicalis",34793852906348.9,805
"510","Megachile centuncularis",39555452110773.5,7242
"511","Megachile flabellipes",210003214789.327,55
"512","Megachile latimanus",27472774401778.7,3021
"513","Megachile maritima",39488599589166.9,1869
"514","Megachile mendica",14815919532211,5989
"515","Megachile nigriventris",9274492055626.27,1148
"516","Megachile pilicrus",4631593701812.42,160
"517","Megachile rotundata",148567967474492,5248
"518","Meganomia binghami",1628504260372,141
"519","Melipona mimetica",15601441447.7586,6
"520","Melissodes desponsus",10426147399681.5,2673
"521","Melissodes illatus",7838974608863.41,323
"522","Melissodes subillatus",10986367809647.8,372
"523","Melitoma segmentaria",20738198761247.7,765
"524","Melitomella murihirta",17711046.4754486,24
"525","Melitta dimidiata",6272904387672.94,323
"526","Melitta haemorrhoidalis",10472629871066.8,5879
"527","Melitta leporina",30977139352969.3,4925
"528","Melitta nigricans",9188174041662.64,4163
"529","Melitta tricincta",5827073658620.67,1305
"530","Melitturga clavicornis",21789776926629,615
"531","Osmia alticola",104522599858.384,49
"532","Osmia anceyi",369059301584.104,62
"533","Osmia andrenoides",6107337590836.05,398
"534","Osmia apicata",1678655650294.7,21
"535","Osmia argyropyga",97615016852.7971,13
"536","Osmia atriventris",12795980370725.7,2094
"537","Osmia aurulenta",9599853623956.04,6059
"538","Osmia avosetta",13582660954.8297,41
"539","Osmia balearica",9084704508.84237,21
"540","Osmia bicornis",36359912255140.8,45020
"541","Osmia bidentata",3935975039018.04,45
"542","Osmia brevis",7668975936698.15,1604
"543","Osmia bucephala",28538445038936.7,2019
"544","Osmia caerulescens",119944980878859,7307
"545","Osmia californica",4076994415989.17,1806
"546","Osmia carbo",2041461106.19971,17
"547","Osmia cerinthidis",5846220213438.6,74
"548","Osmia conjuncta",3847750917233.98,482
"549","Osmia cornifrons",28109394956122.4,2057
"550","Osmia cornuta",12828503421309.5,29693
"551","Osmia croatica",640902988506.961,16
"552","Osmia difficilis",1457967806094.03,22
"553","Osmia distinguenda",13022265422.0312,16
"554","Osmia emarginata",152770073064.045,12
"555","Osmia excavata",453842304313.073,14
"556","Osmia fedtschenkoi",10045890.5220385,6
"557","Osmia gallarum",4210880557238.09,518
"558","Osmia inermis",93787559573327.9,657
"559","Osmia labialis",493698118747.808,190
"560","Osmia laticeps",52735587130656.2,179
"561","Osmia lignaria",17963553998667.1,11039
"562","Osmia ligurica",2399785446714.49,77
"563","Osmia melanocephala",113893568427.763,5
"564","Osmia montana",7398315125903.01,1726
"565","Osmia mustelina",5626401545342.51,476
"566","Osmia nigriventris",93994788642129.7,888
"567","Osmia nigrohirta",42014393194.1759,6
"568","Osmia niveata",10136307153999.8,1066
"569","Osmia padri",6250173432.62609,4
"570","Osmia parietina",44027977416717.3,1735
"571","Osmia pedicornis",2304403211012.32,16
"572","Osmia pilicornis",5527789945475.55,731
"573","Osmia pinguis",301894363603.678,22
"574","Osmia pumila",6159886784853.66,5810
"575","Osmia rhodoensis",61055311746.2202,5
"576","Osmia ribifloris",5969074035130.95,1657
"577","Osmia scheherazade",6475155.31241369,12
"578","Osmia scutellaris",881640016660.43,91
"579","Osmia spinigera",786895016592.405,10
"580","Osmia spinulosa",18553544695761.4,3062
"581","Osmia steinmanni",21708568228.7709,17
"582","Osmia taurus",28626444262630.1,2773
"583","Osmia tergestensis",3032998647328.34,151
"584","Osmia tricornis",2474955947880.28,123
"585","Osmia uncicornis",27544305521.7083,6
"586","Osmia uncinata",46612613169607.4,1154
"587","Osmia xanthomelana",5638412568992.58,1031
"588","Othinosmia schultzei",222570588084.477,107
"589","Panurginus albopilosus",923439272657.018,10
"590","Panurginus herzi",384050096658.961,249
"591","Panurginus montanus",215846259211.805,336
"592","Panurgus banksianus",6178682996048.66,3364
"593","Panurgus calcaratus",22152855275238,7941
"594","Panurgus canescens",544561470020.412,13
"595","Panurgus cephalotes",295058008015.569,9
"596","Panurgus dentipes",2269809990198.5,1072
"597","Panurgus maroccanus",94985061055.5641,86
"598","Panurgus perezi",101465017500.661,5
"599","Patellapis communis",103924536640.281,87
"600","Peponapis michelbacherorum",68396361597.6337,78
"601","Peponapis pruinosa",14113834601016.7,4477
"602","Peponapis utahensis",2212017995552.99,312
"603","Perdita floridensis",324107697428.128,117
"604","Protomeliturga turnerae",636102542892.8,179
"605","Protosmia minutula",353370461972.112,74
"606","Pseudoanthidium eximium",2148303175668.1,6
"607","Pseudoanthidium melanurum",3806569397864.6,27
"608","Pseudoanthidium reticulatum",597457542178.076,14
"609","Pseudoanthidium scapulare",2431030751762.04,54
"610","Ptilothrix bombiformis",4623740559760.22,4658
"611","Ptilothrix plumata",2455513532075.39,29
"612","Rhodanthidium caturigense",907622486485.733,140
"613","Rhodanthidium infuscatum",676050430017.357,67
"614","Rhodanthidium septemdentatum",6408097061966.88,1016
"615","Rhodanthidium siculum",1098063457138.18,19
"616","Rhodanthidium sticticum",1286096859882.12,445
"617","Rophites algirus",6802895099267.53,369
"618","Rophites quinquespinosus",10948119106266.1,163
"619","Samba ogilviei",50222588611.8267,182
"620","Scrapter niger",334696121528.534,143
"621","Scrapter nitidus",846632091893.589,468
"622","Stenoheriades asiatica",2267158879.81824,5
"623","Stenoheriades coelostoma",3900972067.88321,17
"624","Systropha curvicornis",4829630114877.67,222
"625","Systropha planidens",12428883403597.2,129
"626","Trachusa byssina",26928053229499,5427
"627","Trachusa dumerlei",264546818322.53,16
"628","Trachusa interrupta",2001128255298.15,224
"629","Trachusa pubescens",883041646100.534,8
"630","Wainia eremoplana",12520252570.8787,4
"631","Xenoglossa angustior",2596331384088.35,232
"632","Xenoglossa patricia",1081131321700.52,124
"633","Xenoglossa strenua",8962642127128.94,515
"634","Xylocopa virginica",33866791828874.6,51392
