"","all_hulls$species","species"
"1","Andrena aeneiventris","Andrena aeneiventris"
"2","Andrena aerinifrons","Andrena aerinifrons"
"3","Andrena afrensis","Andrena afrensis"
"4","Andrena afzeliella","Andrena afzeliella"
"5","Andrena agilissima","Andrena agilissima"
"6","Andrena albopunctata","Andrena albopunctata"
"7","Andrena alfkenella","Andrena alfkenella"
"8","Andrena aliciae","Andrena aliciae"
"9","Andrena alleghaniensis","Andrena alleghaniensis"
"10","Andrena allosa","Andrena allosa"
"11","Andrena amieti","Andrena amieti"
"12","Andrena ampla","Andrena ampla"
"13","Andrena andrenoides","Andrena andrenoides"
"14","Andrena angustior","Andrena angustior"
"15","Andrena anthrisci","Andrena anthrisci"
"16","Andrena antigana","Andrena antigana"
"17","Andrena apicata","Andrena apicata"
"18","Andrena arabis","Andrena arabis"
"19","Andrena argentata","Andrena argentata"
"20","Andrena asperrima","Andrena asperrima"
"21","Andrena assimilis","Andrena assimilis"
"22","Andrena asteris","Andrena asteris"
"23","Andrena asteroides","Andrena asteroides"
"24","Andrena astragali","Andrena astragali"
"25","Andrena balsamorhizae","Andrena balsamorhizae"
"26","Andrena barbilabris","Andrena barbilabris"
"27","Andrena beameri","Andrena beameri"
"28","Andrena bicolor","Andrena bicolor"
"29","Andrena bimaculata","Andrena bimaculata"
"30","Andrena biskrensis","Andrena biskrensis"
"31","Andrena blanda","Andrena blanda"
"32","Andrena boyerella","Andrena boyerella"
"33","Andrena bradleyi","Andrena bradleyi"
"34","Andrena brevipalpis","Andrena brevipalpis"
"35","Andrena bullata","Andrena bullata"
"36","Andrena caesia","Andrena caesia"
"37","Andrena canadensis","Andrena canadensis"
"38","Andrena carlini","Andrena carlini"
"39","Andrena carolina","Andrena carolina"
"40","Andrena ceanothi","Andrena ceanothi"
"41","Andrena chaparralensis","Andrena chaparralensis"
"42","Andrena chrysopus","Andrena chrysopus"
"43","Andrena chrysosceles","Andrena chrysosceles"
"44","Andrena cineraria","Andrena cineraria"
"45","Andrena cinerea","Andrena cinerea"
"46","Andrena clarkella","Andrena clarkella"
"47","Andrena coitana","Andrena coitana"
"48","Andrena commoda","Andrena commoda"
"49","Andrena corax","Andrena corax"
"50","Andrena crataegi","Andrena crataegi"
"51","Andrena crawfordi","Andrena crawfordi"
"52","Andrena cressonii","Andrena cressonii"
"53","Andrena curvungula","Andrena curvungula"
"54","Andrena decipiens","Andrena decipiens"
"55","Andrena denticulata","Andrena denticulata"
"56","Andrena discors","Andrena discors"
"57","Andrena distans","Andrena distans"
"58","Andrena djelfensis","Andrena djelfensis"
"59","Andrena dorsata","Andrena dorsata"
"60","Andrena doursana","Andrena doursana"
"61","Andrena elata","Andrena elata"
"62","Andrena erigeniae","Andrena erigeniae"
"63","Andrena erythrogaster","Andrena erythrogaster"
"64","Andrena fabrella","Andrena fabrella"
"65","Andrena ferrugineicrus","Andrena ferrugineicrus"
"66","Andrena flavilabris","Andrena flavilabris"
"67","Andrena flavipes","Andrena flavipes"
"68","Andrena florea","Andrena florea"
"69","Andrena floricola","Andrena floricola"
"70","Andrena forbesii","Andrena forbesii"
"71","Andrena freygessneri","Andrena freygessneri"
"72","Andrena frigida","Andrena frigida"
"73","Andrena fucata","Andrena fucata"
"74","Andrena fulica","Andrena fulica"
"75","Andrena fulva","Andrena fulva"
"76","Andrena fulvago","Andrena fulvago"
"77","Andrena fulvicornis","Andrena fulvicornis"
"78","Andrena fulvipennis","Andrena fulvipennis"
"79","Andrena funerea","Andrena funerea"
"80","Andrena fuscipes","Andrena fuscipes"
"81","Andrena fuscosa","Andrena fuscosa"
"82","Andrena gardineri","Andrena gardineri"
"83","Andrena gelriae","Andrena gelriae"
"84","Andrena geranii","Andrena geranii"
"85","Andrena granulosa","Andrena granulosa"
"86","Andrena gravida","Andrena gravida"
"87","Andrena haemorrhoa","Andrena haemorrhoa"
"88","Andrena hattorfiana","Andrena hattorfiana"
"89","Andrena haynesi","Andrena haynesi"
"90","Andrena hedikae","Andrena hedikae"
"91","Andrena helianthi","Andrena helianthi"
"92","Andrena helianthiformis","Andrena helianthiformis"
"93","Andrena helvola","Andrena helvola"
"94","Andrena hippotes","Andrena hippotes"
"95","Andrena hirticincta","Andrena hirticincta"
"96","Andrena humilis","Andrena humilis"
"97","Andrena imitatrix","Andrena imitatrix"
"98","Andrena integra","Andrena integra"
"99","Andrena isocomae","Andrena isocomae"
"100","Andrena juliana","Andrena juliana"
"101","Andrena labialis","Andrena labialis"
"102","Andrena labiata","Andrena labiata"
"103","Andrena lagopus","Andrena lagopus"
"104","Andrena lapponica","Andrena lapponica"
"105","Andrena lathyri","Andrena lathyri"
"106","Andrena leptopyga","Andrena leptopyga"
"107","Andrena leucolippa","Andrena leucolippa"
"108","Andrena longibarbis","Andrena longibarbis"
"109","Andrena mandibularis","Andrena mandibularis"
"110","Andrena melliventris","Andrena melliventris"
"111","Andrena minutula","Andrena minutula"
"112","Andrena minutuloides","Andrena minutuloides"
"113","Andrena miranda","Andrena miranda"
"114","Andrena miserabilis","Andrena miserabilis"
"115","Andrena mitis","Andrena mitis"
"116","Andrena mocsaryi","Andrena mocsaryi"
"117","Andrena montana","Andrena montana"
"118","Andrena mucida","Andrena mucida"
"119","Andrena nana","Andrena nana"
"120","Andrena nasonii","Andrena nasonii"
"121","Andrena nasuta","Andrena nasuta"
"122","Andrena nigriceps","Andrena nigriceps"
"123","Andrena nigroaenea","Andrena nigroaenea"
"124","Andrena nitida","Andrena nitida"
"125","Andrena nitidiuscula","Andrena nitidiuscula"
"126","Andrena nitidula","Andrena nitidula"
"127","Andrena nivalis","Andrena nivalis"
"128","Andrena niveata","Andrena niveata"
"129","Andrena nubecula","Andrena nubecula"
"130","Andrena nuda","Andrena nuda"
"131","Andrena numida","Andrena numida"
"132","Andrena nycthemera","Andrena nycthemera"
"133","Andrena orana","Andrena orana"
"134","Andrena ovatula","Andrena ovatula"
"135","Andrena oviventris","Andrena oviventris"
"136","Andrena pallitarsis","Andrena pallitarsis"
"137","Andrena pandellei","Andrena pandellei"
"138","Andrena pandosa","Andrena pandosa"
"139","Andrena panurgina","Andrena panurgina"
"140","Andrena pauxilla","Andrena pauxilla"
"141","Andrena perplexa","Andrena perplexa"
"142","Andrena pilipes","Andrena pilipes"
"143","Andrena placata","Andrena placata"
"144","Andrena platyparia","Andrena platyparia"
"145","Andrena polita","Andrena polita"
"146","Andrena potentillae","Andrena potentillae"
"147","Andrena praecox","Andrena praecox"
"148","Andrena propinqua","Andrena propinqua"
"149","Andrena proxima","Andrena proxima"
"150","Andrena ranunculorum","Andrena ranunculorum"
"151","Andrena robertsonii","Andrena robertsonii"
"152","Andrena rogenhoferi","Andrena rogenhoferi"
"153","Andrena rosae","Andrena rosae"
"154","Andrena rudbeckiae","Andrena rudbeckiae"
"155","Andrena ruficrus","Andrena ruficrus"
"156","Andrena rufizona","Andrena rufizona"
"157","Andrena rufosignata","Andrena rufosignata"
"158","Andrena rugosa","Andrena rugosa"
"159","Andrena russula","Andrena russula"
"160","Andrena sardoa","Andrena sardoa"
"161","Andrena saxonica","Andrena saxonica"
"162","Andrena scotica","Andrena scotica"
"163","Andrena semilaevis","Andrena semilaevis"
"164","Andrena senecionis","Andrena senecionis"
"165","Andrena senticulosa","Andrena senticulosa"
"166","Andrena sigmundi","Andrena sigmundi"
"167","Andrena simillima","Andrena simillima"
"168","Andrena simplex","Andrena simplex"
"169","Andrena spiraeana","Andrena spiraeana"
"170","Andrena spolata","Andrena spolata"
"171","Andrena spreta","Andrena spreta"
"172","Andrena subopaca","Andrena subopaca"
"173","Andrena suerinensis","Andrena suerinensis"
"174","Andrena symphyti","Andrena symphyti"
"175","Andrena synadelpha","Andrena synadelpha"
"176","Andrena tarsata","Andrena tarsata"
"177","Andrena tenuistriata","Andrena tenuistriata"
"178","Andrena thoracica","Andrena thoracica"
"179","Andrena tonkaworum","Andrena tonkaworum"
"180","Andrena trimmerana","Andrena trimmerana"
"181","Andrena tscheki","Andrena tscheki"
"182","Andrena tuberculifera","Andrena tuberculifera"
"183","Andrena vaga","Andrena vaga"
"184","Andrena variabilis","Andrena variabilis"
"185","Andrena varians","Andrena varians"
"186","Andrena venerabilis","Andrena venerabilis"
"187","Andrena ventralis","Andrena ventralis"
"188","Andrena ventricosa","Andrena ventricosa"
"189","Andrena verticalis","Andrena verticalis"
"190","Andrena vetula","Andrena vetula"
"191","Andrena vicina","Andrena vicina"
"192","Andrena virginiana","Andrena virginiana"
"193","Andrena viridescens","Andrena viridescens"
"194","Andrena w-scripta","Andrena w-scripta"
"195","Andrena wellesleyana","Andrena wellesleyana"
"196","Andrena wilkella","Andrena wilkella"
"197","Andrena ziziae","Andrena ziziae"
"198","Arhysosage cactorum","Arhysosage cactorum"
"199","Camptopoeum friesei","Camptopoeum friesei"
"200","Camptopoeum frontale","Camptopoeum frontale"
"201","Camptopoeum sacrum","Camptopoeum sacrum"
"202","Clavipanurgus punctiventris","Clavipanurgus punctiventris"
"203","Flavipanurgus kastiliensis","Flavipanurgus kastiliensis"
"204","Flavipanurgus venustus","Flavipanurgus venustus"
"205","Macrotera texana","Macrotera texana"
"206","Melitturga clavicornis","Melitturga clavicornis"
"207","Panurginus albopilosus","Panurginus albopilosus"
"208","Panurginus herzi","Panurginus herzi"
"209","Panurginus montanus","Panurginus montanus"
"210","Panurgus banksianus","Panurgus banksianus"
"211","Panurgus calcaratus","Panurgus calcaratus"
"212","Panurgus calceatus","Panurgus calceatus"
"213","Panurgus canescens","Panurgus canescens"
"214","Panurgus cephalotes","Panurgus cephalotes"
"215","Panurgus dentipes","Panurgus dentipes"
"216","Panurgus maroccanus","Panurgus maroccanus"
"217","Panurgus perezi","Panurgus perezi"
"218","Perdita floridensis","Perdita floridensis"
"219","Perdita octomaculata","Perdita octomaculata"
"220","Protomeliturga turnerae","Protomeliturga turnerae"
"221","Amegilla albigena","Amegilla albigena"
"222","Anthophora aestivalis","Anthophora aestivalis"
"223","Anthophora atroalba","Anthophora atroalba"
"224","Anthophora bimaculata","Anthophora bimaculata"
"225","Anthophora diversipes","Anthophora diversipes"
"226","Anthophora furcata","Anthophora furcata"
"227","Anthophora plumipes","Anthophora plumipes"
"228","Anthophora quadrimaculata","Anthophora quadrimaculata"
"229","Bombus affinis","Bombus affinis"
"230","Bombus alpinus","Bombus alpinus"
"231","Bombus argillaceus","Bombus argillaceus"
"232","Bombus armeniacus","Bombus armeniacus"
"233","Bombus auricomus","Bombus auricomus"
"234","Bombus balteatus","Bombus balteatus"
"235","Bombus bimaculatus","Bombus bimaculatus"
"236","Bombus borealis","Bombus borealis"
"237","Bombus brodmannicus","Bombus brodmannicus"
"238","Bombus confusus","Bombus confusus"
"239","Bombus cullumanus","Bombus cullumanus"
"240","Bombus distinguendus","Bombus distinguendus"
"241","Bombus fervidus","Bombus fervidus"
"242","Bombus fragrans","Bombus fragrans"
"243","Bombus frigidus","Bombus frigidus"
"244","Bombus griseocollis","Bombus griseocollis"
"245","Bombus haematurus","Bombus haematurus"
"246","Bombus handlirschianus","Bombus handlirschianus"
"247","Bombus hortorum","Bombus hortorum"
"248","Bombus humilis","Bombus humilis"
"249","Bombus hypnorum","Bombus hypnorum"
"250","Bombus impatiens","Bombus impatiens"
"251","Bombus incertus","Bombus incertus"
"252","Bombus lapidarius","Bombus lapidarius"
"253","Bombus lapponicus","Bombus lapponicus"
"254","Bombus lucorum","Bombus lucorum"
"255","Bombus melanurus","Bombus melanurus"
"256","Bombus mendax","Bombus mendax"
"257","Bombus mesomelas","Bombus mesomelas"
"258","Bombus monticola","Bombus monticola"
"259","Bombus mucidus","Bombus mucidus"
"260","Bombus muscorum","Bombus muscorum"
"261","Bombus niveatus","Bombus niveatus"
"262","Bombus pascuorum","Bombus pascuorum"
"263","Bombus pensylvanicus","Bombus pensylvanicus"
"264","Bombus perplexus","Bombus perplexus"
"265","Bombus pomorum","Bombus pomorum"
"266","Bombus pratorum","Bombus pratorum"
"267","Bombus ruderarius","Bombus ruderarius"
"268","Bombus ruderatus","Bombus ruderatus"
"269","Bombus rufocinctus","Bombus rufocinctus"
"270","Bombus sichelii","Bombus sichelii"
"271","Bombus soroeensis","Bombus soroeensis"
"272","Bombus sporadicus","Bombus sporadicus"
"273","Bombus subterraneus","Bombus subterraneus"
"274","Bombus sylvarum","Bombus sylvarum"
"275","Bombus ternarius","Bombus ternarius"
"276","Bombus terrestris","Bombus terrestris"
"277","Bombus terricola","Bombus terricola"
"278","Bombus vagans","Bombus vagans"
"279","Bombus veteranus","Bombus veteranus"
"280","Bombus wurflenii","Bombus wurflenii"
"281","Bombus zonatus","Bombus zonatus"
"282","Centris nitida","Centris nitida"
"283","Ceratina calcarata","Ceratina calcarata"
"284","Ceratina dupla","Ceratina dupla"
"285","Ceratina mikmaqi","Ceratina mikmaqi"
"286","Chalepogenus cocuccii","Chalepogenus cocuccii"
"287","Diadasia angusticeps","Diadasia angusticeps"
"288","Diadasia diminuta","Diadasia diminuta"
"289","Diadasia enavata","Diadasia enavata"
"290","Diadasia laticauda","Diadasia laticauda"
"291","Diadasia nigrifrons","Diadasia nigrifrons"
"292","Diadasia ochracea","Diadasia ochracea"
"293","Diadasia sphaeralcearum","Diadasia sphaeralcearum"
"294","Diadasia tropicalis","Diadasia tropicalis"
"295","Diadasia vallicola","Diadasia vallicola"
"296","Diadasina riparia","Diadasina riparia"
"297","Eucera alternans","Eucera alternans"
"298","Eucera caspica","Eucera caspica"
"299","Eucera clypeata","Eucera clypeata"
"300","Eucera cypria","Eucera cypria"
"301","Eucera elongatula","Eucera elongatula"
"302","Eucera eucnemidea","Eucera eucnemidea"
"303","Eucera frater","Eucera frater"
"304","Eucera furfurea","Eucera furfurea"
"305","Eucera interrupta","Eucera interrupta"
"306","Eucera longicornis","Eucera longicornis"
"307","Eucera nigrescens","Eucera nigrescens"
"308","Eucera nigrifacies","Eucera nigrifacies"
"309","Eucera nigrilabris","Eucera nigrilabris"
"310","Eucera notata","Eucera notata"
"311","Eucera primiveris","Eucera primiveris"
"312","Eucera proxima","Eucera proxima"
"313","Eucera spectabilis","Eucera spectabilis"
"314","Eucera taurica","Eucera taurica"
"315","Euglossa cordata","Euglossa cordata"
"316","Eulaema nigrita","Eulaema nigrita"
"317","Melipona mimetica","Melipona mimetica"
"318","Melissodes desponsus","Melissodes desponsus"
"319","Melissodes illatus","Melissodes illatus"
"320","Melissodes subillatus","Melissodes subillatus"
"321","Melitoma segmentaria","Melitoma segmentaria"
"322","Melitomella murihirta","Melitomella murihirta"
"323","Peponapis michelbacherorum","Peponapis michelbacherorum"
"324","Peponapis pruinosa","Peponapis pruinosa"
"325","Peponapis utahensis","Peponapis utahensis"
"326","Ptilothrix bombiformis","Ptilothrix bombiformis"
"327","Ptilothrix plumata","Ptilothrix plumata"
"328","Xenoglossa angustior","Xenoglossa angustior"
"329","Xenoglossa patricia","Xenoglossa patricia"
"330","Xenoglossa strenua","Xenoglossa strenua"
"331","Xylocopa virginica","Xylocopa virginica"
"332","Actenosigynes mantiqueirensis","Actenosigynes mantiqueirensis"
"333","Colletes abeillei","Colletes abeillei"
"334","Colletes acutiformis","Colletes acutiformis"
"335","Colletes acutus","Colletes acutus"
"336","Colletes albomaculatus","Colletes albomaculatus"
"337","Colletes americanus","Colletes americanus"
"338","Colletes anchusae","Colletes anchusae"
"339","Colletes brevigena","Colletes brevigena"
"340","Colletes capensis","Colletes capensis"
"341","Colletes carinatus","Colletes carinatus"
"342","Colletes cariniger","Colletes cariniger"
"343","Colletes caskanus","Colletes caskanus"
"344","Colletes collaris","Colletes collaris"
"345","Colletes compactus","Colletes compactus"
"346","Colletes cunicularius","Colletes cunicularius"
"347","Colletes daviesanus","Colletes daviesanus"
"348","Colletes dorsalis","Colletes dorsalis"
"349","Colletes dusmeti","Colletes dusmeti"
"350","Colletes eous","Colletes eous"
"351","Colletes escalerai","Colletes escalerai"
"352","Colletes floralis","Colletes floralis"
"353","Colletes fodiens","Colletes fodiens"
"354","Colletes foveolaris","Colletes foveolaris"
"355","Colletes gallicus","Colletes gallicus"
"356","Colletes graeffei","Colletes graeffei"
"357","Colletes halophilus","Colletes halophilus"
"358","Colletes hederae","Colletes hederae"
"359","Colletes hethiticus","Colletes hethiticus"
"360","Colletes hylaeiformis","Colletes hylaeiformis"
"361","Colletes impunctatus","Colletes impunctatus"
"362","Colletes inaequalis","Colletes inaequalis"
"363","Colletes inexpectatus","Colletes inexpectatus"
"364","Colletes kincaidii","Colletes kincaidii"
"365","Colletes lacunatus","Colletes lacunatus"
"366","Colletes ligatus","Colletes ligatus"
"367","Colletes maidli","Colletes maidli"
"368","Colletes marginatus","Colletes marginatus"
"369","Colletes meyeri","Colletes meyeri"
"370","Colletes mlokossewiczi","Colletes mlokossewiczi"
"371","Colletes nanus","Colletes nanus"
"372","Colletes nasutus","Colletes nasutus"
"373","Colletes nigricans","Colletes nigricans"
"374","Colletes perezi","Colletes perezi"
"375","Colletes petalostemonis","Colletes petalostemonis"
"376","Colletes pulchellus","Colletes pulchellus"
"377","Colletes pumilus","Colletes pumilus"
"378","Colletes punctatus","Colletes punctatus"
"379","Colletes rufotibialis","Colletes rufotibialis"
"380","Colletes schmidi","Colletes schmidi"
"381","Colletes sierrensis","Colletes sierrensis"
"382","Colletes similis","Colletes similis"
"383","Colletes simulans","Colletes simulans"
"384","Colletes succinctus","Colletes succinctus"
"385","Colletes thoracicus","Colletes thoracicus"
"386","Colletes tuberculatus","Colletes tuberculatus"
"387","Colletes validus","Colletes validus"
"388","Colletes wolfi","Colletes wolfi"
"389","Euryglossa aureophila","Euryglossa aureophila"
"390","Euryglossa morrisoni","Euryglossa morrisoni"
"391","Hylaeus alpinus","Hylaeus alpinus"
"392","Hylaeus angustatus","Hylaeus angustatus"
"393","Hylaeus annulatus","Hylaeus annulatus"
"394","Hylaeus brevicornis","Hylaeus brevicornis"
"395","Hylaeus clypearis","Hylaeus clypearis"
"396","Hylaeus communis","Hylaeus communis"
"397","Hylaeus confusus","Hylaeus confusus"
"398","Hylaeus cornutus","Hylaeus cornutus"
"399","Hylaeus crassanus","Hylaeus crassanus"
"400","Hylaeus dilatatus","Hylaeus dilatatus"
"401","Hylaeus duckei","Hylaeus duckei"
"402","Hylaeus gibbus","Hylaeus gibbus"
"403","Hylaeus glacialis","Hylaeus glacialis"
"404","Hylaeus gredleri","Hylaeus gredleri"
"405","Hylaeus hyalinatus","Hylaeus hyalinatus"
"406","Hylaeus incongruus","Hylaeus incongruus"
"407","Hylaeus kahri","Hylaeus kahri"
"408","Hylaeus leptocephalus","Hylaeus leptocephalus"
"409","Hylaeus moricei","Hylaeus moricei"
"410","Hylaeus nigritus","Hylaeus nigritus"
"411","Hylaeus nivalis","Hylaeus nivalis"
"412","Hylaeus paulus","Hylaeus paulus"
"413","Hylaeus pectoralis","Hylaeus pectoralis"
"414","Hylaeus pfankuchi","Hylaeus pfankuchi"
"415","Hylaeus pictipes","Hylaeus pictipes"
"416","Hylaeus pilosulus","Hylaeus pilosulus"
"417","Hylaeus rinki","Hylaeus rinki"
"418","Hylaeus signatus","Hylaeus signatus"
"419","Hylaeus sinuatus","Hylaeus sinuatus"
"420","Hylaeus styriacus","Hylaeus styriacus"
"421","Hylaeus taeniolatus","Hylaeus taeniolatus"
"422","Hylaeus tyrolensis","Hylaeus tyrolensis"
"423","Hylaeus variegatus","Hylaeus variegatus"
"424","Scrapter niger","Scrapter niger"
"425","Scrapter nitidus","Scrapter nitidus"
"426","Agapostemon sericeus","Agapostemon sericeus"
"427","Agapostemon virescens","Agapostemon virescens"
"428","Augochlora pura","Augochlora pura"
"429","Augochlorella aurata","Augochlorella aurata"
"430","Dieunomia heteropoda","Dieunomia heteropoda"
"431","Dufourea alpina","Dufourea alpina"
"432","Dufourea dentiventris","Dufourea dentiventris"
"433","Dufourea halictula","Dufourea halictula"
"434","Dufourea inermis","Dufourea inermis"
"435","Dufourea minuta","Dufourea minuta"
"436","Dufourea monardae","Dufourea monardae"
"437","Dufourea paradoxa","Dufourea paradoxa"
"438","Halictus confusus","Halictus confusus"
"439","Halictus crenicornis","Halictus crenicornis"
"440","Halictus ligatus","Halictus ligatus"
"441","Halictus maculatus","Halictus maculatus"
"442","Halictus pollinosus","Halictus pollinosus"
"443","Halictus quadricinctus","Halictus quadricinctus"
"444","Halictus rubicundus","Halictus rubicundus"
"445","Halictus scabiosae","Halictus scabiosae"
"446","Halictus subauratus","Halictus subauratus"
"447","Halictus tumulorum","Halictus tumulorum"
"448","Lasioglossum acuminatum","Lasioglossum acuminatum"
"449","Lasioglossum albipes","Lasioglossum albipes"
"450","Lasioglossum albocinctum","Lasioglossum albocinctum"
"451","Lasioglossum anomalum","Lasioglossum anomalum"
"452","Lasioglossum bimaculatum","Lasioglossum bimaculatum"
"453","Lasioglossum brevicorne","Lasioglossum brevicorne"
"454","Lasioglossum calceatum","Lasioglossum calceatum"
"455","Lasioglossum cinctipes","Lasioglossum cinctipes"
"456","Lasioglossum clypeare","Lasioglossum clypeare"
"457","Lasioglossum convexiusculum","Lasioglossum convexiusculum"
"458","Lasioglossum coriaceum","Lasioglossum coriaceum"
"459","Lasioglossum corvinum","Lasioglossum corvinum"
"460","Lasioglossum costulatum","Lasioglossum costulatum"
"461","Lasioglossum cressonii","Lasioglossum cressonii"
"462","Lasioglossum cupromicans","Lasioglossum cupromicans"
"463","Lasioglossum euboeense","Lasioglossum euboeense"
"464","Lasioglossum foxii","Lasioglossum foxii"
"465","Lasioglossum fulvicorne","Lasioglossum fulvicorne"
"466","Lasioglossum glabriusculum","Lasioglossum glabriusculum"
"467","Lasioglossum hitchensi","Lasioglossum hitchensi"
"468","Lasioglossum imitatum","Lasioglossum imitatum"
"469","Lasioglossum immunitum","Lasioglossum immunitum"
"470","Lasioglossum intermedium","Lasioglossum intermedium"
"471","Lasioglossum interruptum","Lasioglossum interruptum"
"472","Lasioglossum laevigatum","Lasioglossum laevigatum"
"473","Lasioglossum laevissimum","Lasioglossum laevissimum"
"474","Lasioglossum laticeps","Lasioglossum laticeps"
"475","Lasioglossum lativentre","Lasioglossum lativentre"
"476","Lasioglossum leucopus","Lasioglossum leucopus"
"477","Lasioglossum leucozonium","Lasioglossum leucozonium"
"478","Lasioglossum lineatulum","Lasioglossum lineatulum"
"479","Lasioglossum lustrans","Lasioglossum lustrans"
"480","Lasioglossum macoupinense","Lasioglossum macoupinense"
"481","Lasioglossum malachurum","Lasioglossum malachurum"
"482","Lasioglossum mediterraneum","Lasioglossum mediterraneum"
"483","Lasioglossum monstrificum","Lasioglossum monstrificum"
"484","Lasioglossum morio","Lasioglossum morio"
"485","Lasioglossum nigripes","Lasioglossum nigripes"
"486","Lasioglossum pallens","Lasioglossum pallens"
"487","Lasioglossum paradmirandum","Lasioglossum paradmirandum"
"488","Lasioglossum paraforbesii","Lasioglossum paraforbesii"
"489","Lasioglossum parvulum","Lasioglossum parvulum"
"490","Lasioglossum pauperatum","Lasioglossum pauperatum"
"491","Lasioglossum pauxillum","Lasioglossum pauxillum"
"492","Lasioglossum pectorale","Lasioglossum pectorale"
"493","Lasioglossum perpunctatum","Lasioglossum perpunctatum"
"494","Lasioglossum pilosum","Lasioglossum pilosum"
"495","Lasioglossum prasinum","Lasioglossum prasinum"
"496","Lasioglossum punctatissimum","Lasioglossum punctatissimum"
"497","Lasioglossum puncticolle","Lasioglossum puncticolle"
"498","Lasioglossum quebecense","Lasioglossum quebecense"
"499","Lasioglossum tricinctum","Lasioglossum tricinctum"
"500","Lasioglossum versans","Lasioglossum versans"
"501","Lasioglossum versatum","Lasioglossum versatum"
"502","Lasioglossum villosulum","Lasioglossum villosulum"
"503","Lasioglossum xanthopus","Lasioglossum xanthopus"
"504","Lasioglossum zonulum","Lasioglossum zonulum"
"505","Lipotriches cinerascens","Lipotriches cinerascens"
"506","Lipotriches cribrosa","Lipotriches cribrosa"
"507","Lipotriches hylaeoides","Lipotriches hylaeoides"
"508","Lipotriches tanganyicensis","Lipotriches tanganyicensis"
"509","Patellapis communis","Patellapis communis"
"510","Rophites algirus","Rophites algirus"
"511","Rophites quinquespinosus","Rophites quinquespinosus"
"512","Systropha curvicornis","Systropha curvicornis"
"513","Systropha planidens","Systropha planidens"
"514","Afranthidium carduele","Afranthidium carduele"
"515","Afranthidium pusillum","Afranthidium pusillum"
"516","Anthidiellum breviusculum","Anthidiellum breviusculum"
"517","Anthidiellum strigatum","Anthidiellum strigatum"
"518","Anthidium anguliventre","Anthidium anguliventre"
"519","Anthidium auritum","Anthidium auritum"
"520","Anthidium cingulatum","Anthidium cingulatum"
"521","Anthidium dalmaticum","Anthidium dalmaticum"
"522","Anthidium diadema","Anthidium diadema"
"523","Anthidium echinatum","Anthidium echinatum"
"524","Anthidium florentinum","Anthidium florentinum"
"525","Anthidium loti","Anthidium loti"
"526","Anthidium manicatum","Anthidium manicatum"
"527","Anthidium montanum","Anthidium montanum"
"528","Anthidium oblongatum","Anthidium oblongatum"
"529","Anthidium punctatum","Anthidium punctatum"
"530","Anthidium septemspinosum","Anthidium septemspinosum"
"531","Anthidium spiniventre","Anthidium spiniventre"
"532","Anthidium taeniatum","Anthidium taeniatum"
"533","Anthidium tesselatum","Anthidium tesselatum"
"534","Anthidium undulatum","Anthidium undulatum"
"535","Chelostoma aureocinctum","Chelostoma aureocinctum"
"536","Chelostoma californicum","Chelostoma californicum"
"537","Chelostoma campanularum","Chelostoma campanularum"
"538","Chelostoma carinulum","Chelostoma carinulum"
"539","Chelostoma diodon","Chelostoma diodon"
"540","Chelostoma distinctum","Chelostoma distinctum"
"541","Chelostoma edentulum","Chelostoma edentulum"
"542","Chelostoma emarginatum","Chelostoma emarginatum"
"543","Chelostoma florisomne","Chelostoma florisomne"
"544","Chelostoma foveolatum","Chelostoma foveolatum"
"545","Chelostoma garrulum","Chelostoma garrulum"
"546","Chelostoma grande","Chelostoma grande"
"547","Chelostoma incisulum","Chelostoma incisulum"
"548","Chelostoma minutum","Chelostoma minutum"
"549","Chelostoma mocsaryi","Chelostoma mocsaryi"
"550","Chelostoma nasutum","Chelostoma nasutum"
"551","Chelostoma phaceliae","Chelostoma phaceliae"
"552","Chelostoma philadelphi","Chelostoma philadelphi"
"553","Chelostoma rapunculi","Chelostoma rapunculi"
"554","Chelostoma styriacum","Chelostoma styriacum"
"555","Chelostoma ventrale","Chelostoma ventrale"
"556","Dianthidium simile","Dianthidium simile"
"557","Eoanthidium clypeare","Eoanthidium clypeare"
"558","Eoanthidium insulare","Eoanthidium insulare"
"559","Haetosmia circumventa","Haetosmia circumventa"
"560","Haetosmia vechti","Haetosmia vechti"
"561","Heriades carinata","Heriades carinata"
"562","Heriades crenulata","Heriades crenulata"
"563","Heriades rubicola","Heriades rubicola"
"564","Heriades truncorum","Heriades truncorum"
"565","Hofferia mauritanica","Hofferia mauritanica"
"566","Hoplitis adunca","Hoplitis adunca"
"567","Hoplitis annulata","Hoplitis annulata"
"568","Hoplitis anthocopoides","Hoplitis anthocopoides"
"569","Hoplitis benoisti","Hoplitis benoisti"
"570","Hoplitis bihamata","Hoplitis bihamata"
"571","Hoplitis carinata","Hoplitis carinata"
"572","Hoplitis christae","Hoplitis christae"
"573","Hoplitis cristatula","Hoplitis cristatula"
"574","Hoplitis dalmatica","Hoplitis dalmatica"
"575","Hoplitis fertoni","Hoplitis fertoni"
"576","Hoplitis hartliebi","Hoplitis hartliebi"
"577","Hoplitis hierichonica","Hoplitis hierichonica"
"578","Hoplitis illustris","Hoplitis illustris"
"579","Hoplitis lepeletieri","Hoplitis lepeletieri"
"580","Hoplitis loti","Hoplitis loti"
"581","Hoplitis manicata","Hoplitis manicata"
"582","Hoplitis marchali","Hoplitis marchali"
"583","Hoplitis mitis","Hoplitis mitis"
"584","Hoplitis monstrabilis","Hoplitis monstrabilis"
"585","Hoplitis mucida","Hoplitis mucida"
"586","Hoplitis nisa","Hoplitis nisa"
"587","Hoplitis pallicornis","Hoplitis pallicornis"
"588","Hoplitis parana","Hoplitis parana"
"589","Hoplitis pici","Hoplitis pici"
"590","Hoplitis pilosifrons","Hoplitis pilosifrons"
"591","Hoplitis praestans","Hoplitis praestans"
"592","Hoplitis ravouxi","Hoplitis ravouxi"
"593","Hoplitis robusta","Hoplitis robusta"
"594","Hoplitis tigrina","Hoplitis tigrina"
"595","Hoplitis tuberculata","Hoplitis tuberculata"
"596","Hoplitis villosa","Hoplitis villosa"
"597","Hoplitis zonalis","Hoplitis zonalis"
"598","Icteranthidium cimbiciforme","Icteranthidium cimbiciforme"
"599","Icteranthidium fedtschenkoi","Icteranthidium fedtschenkoi"
"600","Icteranthidium ferrugineum","Icteranthidium ferrugineum"
"601","Icteranthidium grohmanni","Icteranthidium grohmanni"
"602","Icteranthidium laterale","Icteranthidium laterale"
"603","Icteranthidium limbiferum","Icteranthidium limbiferum"
"604","Lithurgus chrysurus","Lithurgus chrysurus"
"605","Megachile alpicola","Megachile alpicola"
"606","Megachile analis","Megachile analis"
"607","Megachile apicalis","Megachile apicalis"
"608","Megachile centuncularis","Megachile centuncularis"
"609","Megachile ericetorum","Megachile ericetorum"
"610","Megachile flabellipes","Megachile flabellipes"
"611","Megachile latimanus","Megachile latimanus"
"612","Megachile maritima","Megachile maritima"
"613","Megachile mendica","Megachile mendica"
"614","Megachile nigriventris","Megachile nigriventris"
"615","Megachile pilicrus","Megachile pilicrus"
"616","Megachile pugnata","Megachile pugnata"
"617","Megachile rotundata","Megachile rotundata"
"618","Osmia alticola","Osmia alticola"
"619","Osmia anceyi","Osmia anceyi"
"620","Osmia andrenoides","Osmia andrenoides"
"621","Osmia apicata","Osmia apicata"
"622","Osmia argyropyga","Osmia argyropyga"
"623","Osmia atriventris","Osmia atriventris"
"624","Osmia aurulenta","Osmia aurulenta"
"625","Osmia avosetta","Osmia avosetta"
"626","Osmia balearica","Osmia balearica"
"627","Osmia bicornis","Osmia bicornis"
"628","Osmia bidentata","Osmia bidentata"
"629","Osmia brevicornis","Osmia brevicornis"
"630","Osmia brevis","Osmia brevis"
"631","Osmia bucephala","Osmia bucephala"
"632","Osmia caerulescens","Osmia caerulescens"
"633","Osmia californica","Osmia californica"
"634","Osmia carbo","Osmia carbo"
"635","Osmia cerinthidis","Osmia cerinthidis"
"636","Osmia conjuncta","Osmia conjuncta"
"637","Osmia cornifrons","Osmia cornifrons"
"638","Osmia cornuta","Osmia cornuta"
"639","Osmia croatica","Osmia croatica"
"640","Osmia difficilis","Osmia difficilis"
"641","Osmia distinguenda","Osmia distinguenda"
"642","Osmia emarginata","Osmia emarginata"
"643","Osmia excavata","Osmia excavata"
"644","Osmia fedtschenkoi","Osmia fedtschenkoi"
"645","Osmia gallarum","Osmia gallarum"
"646","Osmia glareola","Osmia glareola"
"647","Osmia inermis","Osmia inermis"
"648","Osmia labialis","Osmia labialis"
"649","Osmia laticeps","Osmia laticeps"
"650","Osmia leaiana","Osmia leaiana"
"651","Osmia lignaria","Osmia lignaria"
"652","Osmia ligurica","Osmia ligurica"
"653","Osmia lunata","Osmia lunata"
"654","Osmia maxillaris","Osmia maxillaris"
"655","Osmia melanocephala","Osmia melanocephala"
"656","Osmia montana","Osmia montana"
"657","Osmia mustelina","Osmia mustelina"
"658","Osmia nigriventris","Osmia nigriventris"
"659","Osmia nigrohirta","Osmia nigrohirta"
"660","Osmia niveata","Osmia niveata"
"661","Osmia padri","Osmia padri"
"662","Osmia parietina","Osmia parietina"
"663","Osmia pedicornis","Osmia pedicornis"
"664","Osmia pilicornis","Osmia pilicornis"
"665","Osmia pinguis","Osmia pinguis"
"666","Osmia pumila","Osmia pumila"
"667","Osmia rhodoensis","Osmia rhodoensis"
"668","Osmia ribifloris","Osmia ribifloris"
"669","Osmia scheherazade","Osmia scheherazade"
"670","Osmia scutellaris","Osmia scutellaris"
"671","Osmia spinigera","Osmia spinigera"
"672","Osmia spinulosa","Osmia spinulosa"
"673","Osmia steinmanni","Osmia steinmanni"
"674","Osmia taurus","Osmia taurus"
"675","Osmia tergestensis","Osmia tergestensis"
"676","Osmia tricornis","Osmia tricornis"
"677","Osmia uncicornis","Osmia uncicornis"
"678","Osmia uncinata","Osmia uncinata"
"679","Osmia xanthomelana","Osmia xanthomelana"
"680","Othinosmia schultzei","Othinosmia schultzei"
"681","Protosmia minutula","Protosmia minutula"
"682","Pseudoanthidium eximium","Pseudoanthidium eximium"
"683","Pseudoanthidium melanurum","Pseudoanthidium melanurum"
"684","Pseudoanthidium reticulatum","Pseudoanthidium reticulatum"
"685","Pseudoanthidium scapulare","Pseudoanthidium scapulare"
"686","Rhodanthidium aculeatum","Rhodanthidium aculeatum"
"687","Rhodanthidium caturigense","Rhodanthidium caturigense"
"688","Rhodanthidium infuscatum","Rhodanthidium infuscatum"
"689","Rhodanthidium septemdentatum","Rhodanthidium septemdentatum"
"690","Rhodanthidium siculum","Rhodanthidium siculum"
"691","Rhodanthidium sticticum","Rhodanthidium sticticum"
"692","Rhodanthidium superbum","Rhodanthidium superbum"
"693","Stenoheriades asiatica","Stenoheriades asiatica"
"694","Stenoheriades coelostoma","Stenoheriades coelostoma"
"695","Stenoheriades eingeddica","Stenoheriades eingeddica"
"696","Trachusa byssina","Trachusa byssina"
"697","Trachusa dumerlei","Trachusa dumerlei"
"698","Trachusa interrupta","Trachusa interrupta"
"699","Trachusa laticeps","Trachusa laticeps"
"700","Trachusa pubescens","Trachusa pubescens"
"701","Wainia eremoplana","Wainia eremoplana"
"702","Capicola aliciae","Capicola aliciae"
"703","Capicola micheneri","Capicola micheneri"
"704","Capicola nanula","Capicola nanula"
"705","Capicola rufiventris","Capicola rufiventris"
"706","Dasypoda albimana","Dasypoda albimana"
"707","Dasypoda argentata","Dasypoda argentata"
"708","Dasypoda braccata","Dasypoda braccata"
"709","Dasypoda cingulata","Dasypoda cingulata"
"710","Dasypoda crassicornis","Dasypoda crassicornis"
"711","Dasypoda dusmeti","Dasypoda dusmeti"
"712","Dasypoda hirtipes","Dasypoda hirtipes"
"713","Dasypoda maura","Dasypoda maura"
"714","Dasypoda morotei","Dasypoda morotei"
"715","Dasypoda pyriformis","Dasypoda pyriformis"
"716","Dasypoda pyrotrichia","Dasypoda pyrotrichia"
"717","Dasypoda sinuata","Dasypoda sinuata"
"718","Dasypoda spinigera","Dasypoda spinigera"
"719","Dasypoda visnaga","Dasypoda visnaga"
"720","Macropis europaea","Macropis europaea"
"721","Macropis fulvipes","Macropis fulvipes"
"722","Macropis nuda","Macropis nuda"
"723","Meganomia binghami","Meganomia binghami"
"724","Melitta dimidiata","Melitta dimidiata"
"725","Melitta haemorrhoidalis","Melitta haemorrhoidalis"
"726","Melitta leporina","Melitta leporina"
"727","Melitta nigricans","Melitta nigricans"
"728","Melitta tricincta","Melitta tricincta"
"729","Samba ogilviei","Samba ogilviei"
